tau,mean_latency_s,mean_n_attempts,mean_confidence,low_conf_count,faithfulness,answer_relevancy,context_precision
0.4,22.402678861333364,1.7,0.45093333333333335,49,0.7642687074829932,0.5428710823127955,0.6288333332925208
0.5,,,,0,0.772635814889336,0.5496718094325793,0.6355370369967919
0.6,,,,0,0.765113137453563,0.5441368202322823,0.6246111110709727
