metric,comparison,n_pairs,mean_diff,wilcoxon_p,ci95_low,ci95_high,significant
faithfulness,baseline vs reranker,281,0.040171157430943905,0.026648107523750884,0.006879130655821049,0.07350682087781729,True
faithfulness,reranker vs agentic,281,0.0013924193639496074,0.7073490771837861,-0.03563590916793764,0.037866886968310455,False
faithfulness,baseline vs agentic,281,0.0391317855730667,0.04878843536110503,-0.0002308930689713581,0.07947812517652376,True
answer_relevancy,baseline vs reranker,295,0.006418444369968974,0.8741694477110882,-0.01584513506192307,0.029703784859293283,False
answer_relevancy,reranker vs agentic,293,0.014142514231994904,0.32457138654148454,-0.01766537789512247,0.045952064264423026,False
answer_relevancy,baseline vs agentic,295,0.01612405175263863,0.6775126837053445,-0.01753470374057704,0.05071960784395032,False
context_precision,baseline vs reranker,299,0.02332515224400756,0.013285121650963308,-0.0012316783458429484,0.04807852658470341,True
context_precision,reranker vs agentic,299,0.02024759875828652,0.007178034407698712,0.006307083701760994,0.0357365959995145,True
context_precision,baseline vs agentic,299,0.04357275100229408,0.0004638384695980833,0.014514248764914015,0.07338336735995687,True
